source_workout_id,session_date,start_time,end_time,session_type,duration_min,avg_hr_bpm,max_hr_bpm,distance_km,avg_pace_sec_per_km,elevation_gain_m,calories_kcal,training_load,route_type,cadence_spm,notes
g1001,2025-04-01,2025-04-01 17:00:00,2025-04-01 18:03:07,CrossFit,63.12,152,168,,,,602,105.54,,,"Strict press 5x5, then Cindy variant with push-ups and ring rows"
g1002,2025-04-02,2025-04-02 06:00:00,2025-04-02 06:39:10,run_easy,39.17,144,155,6.97,337.19,25,424,56.4,road,169,
g1003,2025-04-03,2025-04-03 17:00:00,2025-04-03 17:54:12,CrossFit,54.21,145,174,,,,548,86.46,,,"Clean and jerk complex, then 21-15-9 thrusters and burpees"
g1004,2025-04-04,2025-04-04 06:00:00,2025-04-04 06:39:36,run_quality,39.61,147,168,8.26,287.72,176,492,69.87,road,176,Threshold 20min
g1005,2025-04-05,2025-04-05 17:00:00,2025-04-05 17:55:39,CrossFit,55.66,145,165,,,,574,88.78,,,"Snatch practice, then 3 rounds: 500m row, 15 OH squats, 10 MU"
g1006,2025-04-05,2025-04-05 06:00:00,2025-04-05 06:31:52,run_easy,31.88,132,142,6.05,316.17,81,319,42.08,road,167,
g1007,2025-04-06,2025-04-06 06:00:00,2025-04-06 07:08:07,run_long,68.12,136,151,12.0,340.6,126,578,101.91,road,170,Sunday long
g1008,2025-04-08,2025-04-08 17:00:00,2025-04-08 18:01:34,CrossFit,61.57,155,181,,,,626,104.98,,,"Deadlifts 5x3, then 4 rounds: 400m run, 15 KB swings, 12 T2B"
g1009,2025-04-09,2025-04-09 06:00:00,2025-04-09 06:34:05,run_easy,34.09,134,145,6.27,326.22,170,328,45.68,trail,171,
g1010,2025-04-10,2025-04-10 17:00:00,2025-04-10 17:52:11,CrossFit,52.19,145,169,,,,526,83.24,,,"Back squats 5x5, then AMRAP 12min: wall balls, box jumps, pull-ups"
g1011,2025-04-11,2025-04-11 06:00:00,2025-04-11 06:42:27,run_quality,42.45,162,179,9.28,274.46,109,533,82.52,road,170,Intervals 6x1km
g1012,2025-04-12,2025-04-12 17:00:00,2025-04-12 18:02:25,CrossFit,62.42,147,165,,,,624,100.93,,,"Strict press 5x5, then Cindy variant with push-ups and ring rows"
g1013,2025-04-12,2025-04-12 06:00:00,2025-04-12 06:34:36,run_easy,34.6,142,155,6.05,343.14,184,311,49.13,road,165,
g1014,2025-04-13,2025-04-13 06:00:00,2025-04-13 07:10:36,run_long,70.61,142,153,12.0,353.05,32,674,110.29,trail,169,
g1015,2025-04-15,2025-04-15 17:00:00,2025-04-15 18:00:31,CrossFit,60.52,144,163,,,,614,95.86,,,"Back squats 5x5, then AMRAP 12min: wall balls, box jumps, pull-ups"
g1016,2025-04-16,2025-04-16 06:00:00,2025-04-16 06:36:07,run_easy,36.13,139,150,6.82,317.86,106,390,50.22,road,168,
g1017,2025-04-17,2025-04-17 17:00:00,2025-04-17 17:52:55,CrossFit,52.93,143,170,,,,534,83.26,,,"Clean and jerk complex, then 21-15-9 thrusters and burpees"
g1018,2025-04-18,2025-04-18 06:00:00,2025-04-18 06:39:54,run_quality,39.9,151,167,7.87,304.19,186,421,72.3,road,179,Intervals 6x1km
g1019,2025-04-19,2025-04-19 17:00:00,2025-04-19 18:04:42,CrossFit,64.7,141,170,,,,576,100.35,,,"Snatch practice, then 3 rounds: 500m row, 15 OH squats, 10 MU"
g1020,2025-04-20,2025-04-20 06:00:00,2025-04-20 07:09:54,run_long,69.9,133,146,12.09,346.9,159,660,102.26,trail,175,Long steady
g1021,2025-04-22,2025-04-22 17:00:00,2025-04-22 17:56:57,CrossFit,56.96,151,175,,,,559,94.61,,,"Bench press 5x5, then 5 rounds: 10 DB thrusters, 15 cal bike, 20 sit-ups"
g1022,2025-04-23,2025-04-23 06:00:00,2025-04-23 06:35:52,run_easy,35.87,135,151,6.53,329.59,60,350,48.42,road,179,
g1023,2025-04-24,2025-04-24 17:00:00,2025-04-24 18:00:24,CrossFit,60.41,156,176,,,,598,103.66,,,"Snatch practice, then 3 rounds: 500m row, 15 OH squats, 10 MU"
g1024,2025-04-25,2025-04-25 06:00:00,2025-04-25 06:42:02,run_quality,42.04,158,180,8.53,295.71,53,529,79.71,road,165,Hill repeats 8x400m
g1025,2025-04-26,2025-04-26 17:00:00,2025-04-26 18:02:10,CrossFit,62.18,138,161,,,,597,94.39,,,"Clean and jerk complex, then 21-15-9 thrusters and burpees"
g1026,2025-04-26,2025-04-26 06:00:00,2025-04-26 06:37:29,run_easy,37.49,140,151,6.7,335.73,145,312,52.49,road,171,
g1027,2025-04-27,2025-04-27 06:00:00,2025-04-27 07:11:20,run_long,71.34,137,147,12.0,356.7,196,638,107.51,road,170,Long run
g1028,2025-04-29,2025-04-29 17:00:00,2025-04-29 17:56:21,CrossFit,56.35,145,174,,,,524,89.88,,,"Back squats 5x5, then AMRAP 12min: wall balls, box jumps, pull-ups"
g1029,2025-05-01,2025-05-01 17:00:00,2025-05-01 18:03:34,CrossFit,63.57,145,162,,,,626,101.39,,,"Bench press 5x5, then 5 rounds: 10 DB thrusters, 15 cal bike, 20 sit-ups"
g1030,2025-05-02,2025-05-02 06:00:00,2025-05-02 06:48:22,run_quality,48.38,160,178,10.27,282.65,143,580,92.89,road,165,Intervals 6x1km
g1031,2025-05-03,2025-05-03 06:00:00,2025-05-03 06:41:59,run_easy,41.99,144,159,7.88,319.72,43,414,60.47,trail,166,
g1032,2025-05-04,2025-05-04 06:00:00,2025-05-04 07:20:57,run_long,80.95,141,153,13.18,368.51,141,771,125.55,trail,167,Long run
g1033,2025-05-06,2025-05-06 17:00:00,2025-05-06 17:59:26,CrossFit,59.44,146,170,,,,583,95.46,,,"Power cleans, then chipper: wall balls, DU, HSPU, lunges"
g1034,2025-05-07,2025-05-07 06:00:00,2025-05-07 06:40:22,run_easy,40.37,147,165,7.62,317.87,198,390,59.34,trail,165,
g1035,2025-05-08,2025-05-08 17:00:00,2025-05-08 17:51:09,CrossFit,51.16,150,173,,,,504,84.41,,,"Clean and jerk complex, then 21-15-9 thrusters and burpees"
g1036,2025-05-09,2025-05-09 06:00:00,2025-05-09 06:51:48,run_quality,51.8,156,168,10.43,297.99,69,544,96.97,road,179,Intervals 6x1km
g1037,2025-05-10,2025-05-10 17:00:00,2025-05-10 18:01:44,CrossFit,61.74,154,182,,,,582,104.59,,,"Bench press 5x5, then 5 rounds: 10 DB thrusters, 15 cal bike, 20 sit-ups"
g1038,2025-05-10,2025-05-10 06:00:00,2025-05-10 06:40:51,run_easy,40.85,144,156,7.37,332.56,129,433,58.82,trail,167,
g1039,2025-05-11,2025-05-11 06:00:00,2025-05-11 07:19:54,run_long,79.91,137,150,13.76,348.44,126,678,120.42,trail,175,
g1040,2025-05-13,2025-05-13 17:00:00,2025-05-13 17:59:51,CrossFit,59.86,127,144,,,,473,83.62,,,"Front squats 4x6, then EMOM 16min: cal row, DB snatch, box step-overs"
g1041,2025-05-14,2025-05-14 06:00:00,2025-05-14 06:48:15,run_easy,48.26,140,157,8.58,337.48,99,423,67.56,road,172,
g1042,2025-05-15,2025-05-15 17:00:00,2025-05-15 18:04:17,CrossFit,64.29,158,180,,,,639,111.74,,,"Strict press 5x5, then Cindy variant with push-ups and ring rows"
g1043,2025-05-16,2025-05-16 06:00:00,2025-05-16 06:51:28,run_quality,51.47,154,165,10.85,284.63,190,542,95.12,road,165,Intervals 6x1km
g1044,2025-05-17,2025-05-17 17:00:00,2025-05-17 17:57:23,CrossFit,57.39,151,179,,,,594,95.32,,,"Snatch practice, then 3 rounds: 500m row, 15 OH squats, 10 MU"
g1045,2025-05-17,2025-05-17 06:00:00,2025-05-17 06:45:00,run_easy,45.0,132,148,8.52,316.9,145,387,59.4,road,174,
g1046,2025-05-18,2025-05-18 06:00:00,2025-05-18 07:31:30,run_long,91.51,138,153,15.18,361.7,198,810,138.91,road,178,Sunday long
g1047,2025-05-20,2025-05-20 17:00:00,2025-05-20 18:04:10,CrossFit,64.17,147,168,,,,636,103.76,,,"Deadlifts 5x3, then 4 rounds: 400m run, 15 KB swings, 12 T2B"
g1048,2025-05-21,2025-05-21 06:00:00,2025-05-21 06:43:19,run_easy,43.32,138,148,8.12,320.1,112,444,59.78,road,171,
g1049,2025-05-22,2025-05-22 17:00:00,2025-05-22 17:55:36,CrossFit,55.6,161,179,,,,571,98.47,,,"Clean and jerk complex, then 21-15-9 thrusters and burpees"
g1050,2025-05-23,2025-05-23 06:00:00,2025-05-23 06:42:54,run_quality,42.9,162,181,9.53,270.09,59,497,83.4,road,178,Fartlek
g1051,2025-05-24,2025-05-24 17:00:00,2025-05-24 17:50:31,CrossFit,50.53,137,159,,,,431,76.15,,,"Power cleans, then chipper: wall balls, DU, HSPU, lunges"
g1052,2025-05-24,2025-05-24 06:00:00,2025-05-24 06:43:08,run_easy,43.14,141,152,8.02,322.74,180,372,60.83,trail,170,
g1053,2025-05-25,2025-05-25 06:00:00,2025-05-25 07:25:46,run_long,85.78,135,144,15.18,339.05,48,752,127.38,road,168,
g1054,2025-05-27,2025-05-27 17:00:00,2025-05-27 17:54:29,CrossFit,54.49,147,168,,,,544,88.11,,,"Deadlifts 5x3, then 4 rounds: 400m run, 15 KB swings, 12 T2B"
g1055,2025-05-28,2025-05-28 06:00:00,2025-05-28 06:51:04,run_easy,51.07,137,154,9.13,335.62,84,486,69.97,road,167,
g1056,2025-05-29,2025-05-29 17:00:00,2025-05-29 17:50:36,CrossFit,50.6,149,169,,,,554,82.93,,,"Power cleans, then chipper: wall balls, DU, HSPU, lunges"
g1057,2025-05-30,2025-05-30 06:00:00,2025-05-30 06:46:12,run_quality,46.2,153,169,9.65,287.25,109,542,84.82,road,166,Hill repeats 8x400m
g1058,2025-05-31,2025-05-31 17:00:00,2025-05-31 17:56:00,CrossFit,56.0,142,167,,,,500,87.47,,,"Snatch practice, then 3 rounds: 500m row, 15 OH squats, 10 MU"
g1059,2025-05-31,2025-05-31 06:00:00,2025-05-31 06:51:31,run_easy,51.53,143,153,9.08,340.51,62,486,73.69,road,170,
g1060,2025-06-01,2025-06-01 06:00:00,2025-06-01 07:36:10,run_long,96.17,140,150,16.41,351.63,156,815,148.1,road,167,
g1061,2025-06-03,2025-06-03 17:00:00,2025-06-03 17:53:44,CrossFit,53.74,149,178,,,,557,88.08,,,"Strict press 5x5, then Cindy variant with push-ups and ring rows"
g1062,2025-06-04,2025-06-04 06:00:00,2025-06-04 06:48:18,run_easy,48.31,130,141,8.52,340.21,110,382,62.8,road,179,
g1063,2025-06-05,2025-06-05 17:00:00,2025-06-05 17:59:31,CrossFit,59.52,148,163,,,,627,96.9,,,"Strict press 5x5, then Cindy variant with push-ups and ring rows"
g1064,2025-06-06,2025-06-06 06:00:00,2025-06-06 06:50:06,run_quality,50.1,157,167,11.0,273.27,114,591,94.39,road,179,Fartlek
g1065,2025-06-07,2025-06-07 17:00:00,2025-06-07 17:50:55,CrossFit,50.92,145,161,,,,484,81.22,,,"Power cleans, then chipper: wall balls, DU, HSPU, lunges"
g1066,2025-06-07,2025-06-07 06:00:00,2025-06-07 06:45:14,run_easy,45.24,140,153,8.3,327.04,52,366,63.34,road,174,
g1067,2025-06-08,2025-06-08 06:00:00,2025-06-08 07:31:28,run_long,91.48,134,144,15.86,346.08,80,735,134.84,trail,175,
g1068,2025-06-10,2025-06-10 17:00:00,2025-06-10 18:01:33,CrossFit,61.56,142,158,,,,604,96.16,,,"Power cleans, then chipper: wall balls, DU, HSPU, lunges"
g1069,2025-06-11,2025-06-11 06:00:00,2025-06-11 06:51:15,run_easy,51.26,134,146,9.29,331.07,35,404,68.69,trail,174,
g1070,2025-06-12,2025-06-12 17:00:00,2025-06-12 17:50:37,CrossFit,50.62,156,185,,,,503,86.86,,,"Strict press 5x5, then Cindy variant with push-ups and ring rows"
g1071,2025-06-13,2025-06-13 06:00:00,2025-06-13 06:50:21,run_quality,50.35,151,168,9.94,303.92,116,521,91.23,road,166,Intervals 6x1km
g1072,2025-06-14,2025-06-14 17:00:00,2025-06-14 18:03:22,CrossFit,63.37,143,169,,,,637,99.68,,,"Power cleans, then chipper: wall balls, DU, HSPU, lunges"
g1073,2025-06-14,2025-06-14 06:00:00,2025-06-14 06:49:02,run_easy,49.04,141,155,8.71,337.82,162,412,69.15,road,169,
g1074,2025-06-15,2025-06-15 06:00:00,2025-06-15 07:41:44,run_long,101.74,137,145,16.48,370.41,109,869,153.32,trail,172,Long steady
g1075,2025-06-18,2025-06-18 06:00:00,2025-06-18 06:50:10,run_easy,50.17,134,146,9.06,332.25,48,407,67.23,road,175,
g1076,2025-06-19,2025-06-19 17:00:00,2025-06-19 18:01:51,CrossFit,61.86,154,175,,,,604,104.79,,,"Front squats 4x6, then EMOM 16min: cal row, DB snatch, box step-overs"
g1077,2025-06-20,2025-06-20 06:00:00,2025-06-20 06:57:18,run_quality,57.3,155,168,11.86,289.88,135,677,106.58,road,169,Tempo 4x2km
g1078,2025-06-21,2025-06-21 17:00:00,2025-06-21 17:50:46,CrossFit,50.77,150,179,,,,522,83.77,,,"Strict press 5x5, then Cindy variant with push-ups and ring rows"
g1079,2025-06-21,2025-06-21 06:00:00,2025-06-21 06:44:01,run_easy,44.03,136,146,8.14,324.55,179,375,59.88,road,167,
g1080,2025-06-22,2025-06-22 06:00:00,2025-06-22 07:45:52,run_long,105.87,135,149,17.1,371.47,59,932,157.22,trail,167,Long run
g1081,2025-06-24,2025-06-24 17:00:00,2025-06-24 17:58:03,CrossFit,58.06,161,187,,,,636,102.82,,,"Clean and jerk complex, then 21-15-9 thrusters and burpees"
g1082,2025-06-25,2025-06-25 06:00:00,2025-06-25 06:51:18,run_easy,51.3,138,154,9.58,321.29,119,485,70.79,road,168,
g1083,2025-06-26,2025-06-26 17:00:00,2025-06-26 17:58:43,CrossFit,58.72,152,169,,,,613,98.18,,,"Strict press 5x5, then Cindy variant with push-ups and ring rows"
g1084,2025-06-27,2025-06-27 06:00:00,2025-06-27 06:48:12,run_quality,48.21,147,164,10.07,287.25,53,561,85.04,road,167,Fartlek
g1085,2025-06-28,2025-06-28 17:00:00,2025-06-28 17:59:42,CrossFit,59.71,152,169,,,,617,99.84,,,"Snatch practice, then 3 rounds: 500m row, 15 OH squats, 10 MU"
g1086,2025-06-28,2025-06-28 06:00:00,2025-06-28 06:43:36,run_easy,43.61,140,154,8.25,317.16,183,452,61.05,trail,166,
g1087,2025-06-29,2025-06-29 06:00:00,2025-06-29 07:49:35,run_long,109.59,134,142,18.01,365.1,43,934,161.54,road,169,Long run
g1088,2025-07-01,2025-07-01 17:00:00,2025-07-01 17:58:59,CrossFit,58.99,143,169,,,,609,92.79,,,"Back squats 5x5, then AMRAP 12min: wall balls, box jumps, pull-ups"
g1089,2025-07-02,2025-07-02 06:00:00,2025-07-02 06:50:40,run_easy,50.68,139,153,9.38,324.18,180,483,70.45,road,169,
g1090,2025-07-03,2025-07-03 17:00:00,2025-07-03 17:53:39,CrossFit,53.66,142,165,,,,531,83.82,,,"Front squats 4x6, then EMOM 16min: cal row, DB snatch, box step-overs"
g1091,2025-07-04,2025-07-04 06:00:00,2025-07-04 06:55:03,run_quality,55.06,153,175,12.07,273.7,20,577,101.09,road,168,Intervals 6x1km
g1092,2025-07-05,2025-07-05 17:00:00,2025-07-05 17:54:18,CrossFit,54.3,157,185,,,,587,93.78,,,"Snatch practice, then 3 rounds: 500m row, 15 OH squats, 10 MU"
g1093,2025-07-05,2025-07-05 06:00:00,2025-07-05 06:53:40,run_easy,53.68,125,137,9.35,344.47,84,447,67.1,trail,166,
g1094,2025-07-06,2025-07-06 06:00:00,2025-07-06 07:56:58,run_long,116.98,138,152,19.06,368.25,115,997,177.58,trail,175,Long steady
g1095,2025-07-08,2025-07-08 17:00:00,2025-07-08 18:00:00,CrossFit,60.01,143,163,,,,549,94.4,,,"Clean and jerk complex, then 21-15-9 thrusters and burpees"
g1096,2025-07-09,2025-07-09 06:00:00,2025-07-09 06:47:35,run_easy,47.59,148,167,8.88,321.55,161,488,70.43,road,179,
g1097,2025-07-10,2025-07-10 17:00:00,2025-07-10 17:52:12,CrossFit,52.2,153,179,,,,570,87.85,,,"Bench press 5x5, then 5 rounds: 10 DB thrusters, 15 cal bike, 20 sit-ups"
g1098,2025-07-11,2025-07-11 06:00:00,2025-07-11 06:55:16,run_quality,55.28,159,171,11.2,296.14,199,595,105.47,road,170,Threshold 20min
g1099,2025-07-12,2025-07-12 17:00:00,2025-07-12 18:00:24,CrossFit,60.4,135,155,,,,536,89.69,,,"Strict press 5x5, then Cindy variant with push-ups and ring rows"
g1100,2025-07-12,2025-07-12 06:00:00,2025-07-12 06:50:52,run_easy,50.87,144,158,9.21,331.4,167,454,73.25,road,173,
g1101,2025-07-13,2025-07-13 06:00:00,2025-07-13 07:51:46,run_long,111.78,137,147,18.58,360.97,198,893,168.45,road,173,Long run
g1102,2025-07-15,2025-07-15 17:00:00,2025-07-15 18:03:48,CrossFit,63.81,135,150,,,,559,94.76,,,"Power cleans, then chipper: wall balls, DU, HSPU, lunges"
g1103,2025-07-16,2025-07-16 06:00:00,2025-07-16 06:51:46,run_easy,51.78,130,145,9.8,317.02,63,469,67.31,trail,165,
g1104,2025-07-17,2025-07-17 17:00:00,2025-07-17 18:04:25,CrossFit,64.43,151,176,,,,658,107.02,,,"Snatch practice, then 3 rounds: 500m row, 15 OH squats, 10 MU"
g1105,2025-07-18,2025-07-18 06:00:00,2025-07-18 06:51:37,run_quality,51.62,160,177,11.39,271.92,176,548,99.11,road,170,Hill repeats 8x400m
g1106,2025-07-20,2025-07-20 06:00:00,2025-07-20 07:52:39,run_long,112.66,141,150,19.8,341.39,104,995,174.74,trail,171,Long steady
g1107,2025-07-22,2025-07-22 17:00:00,2025-07-22 17:50:12,CrossFit,50.2,150,174,,,,514,82.83,,,"Deadlifts 5x3, then 4 rounds: 400m run, 15 KB swings, 12 T2B"
g1108,2025-07-24,2025-07-24 17:00:00,2025-07-24 18:00:12,CrossFit,60.2,149,177,,,,635,98.67,,,"Front squats 4x6, then EMOM 16min: cal row, DB snatch, box step-overs"
g1109,2025-07-25,2025-07-25 06:00:00,2025-07-25 06:58:54,run_quality,58.9,162,179,12.39,285.23,153,662,114.5,road,165,Intervals 6x1km
g1110,2025-07-26,2025-07-26 17:00:00,2025-07-26 18:04:38,CrossFit,64.64,165,189,,,,718,117.32,,,"Clean and jerk complex, then 21-15-9 thrusters and burpees"
g1111,2025-07-26,2025-07-26 06:00:00,2025-07-26 06:50:32,run_easy,50.54,134,145,9.38,323.28,136,408,67.72,trail,166,
g1112,2025-07-29,2025-07-29 17:00:00,2025-07-29 18:02:42,CrossFit,62.7,136,151,,,,535,93.8,,,"Front squats 4x6, then EMOM 16min: cal row, DB snatch, box step-overs"
g1113,2025-07-30,2025-07-30 06:00:00,2025-07-30 06:47:07,run_easy,47.12,142,154,9.05,312.4,63,393,66.91,road,173,
g1114,2025-08-01,2025-08-01 06:00:00,2025-08-01 06:54:07,run_quality,54.12,153,164,11.95,271.73,21,582,99.36,road,169,Threshold 20min
g1115,2025-08-02,2025-08-02 17:00:00,2025-08-02 18:01:16,CrossFit,61.28,144,169,,,,568,97.07,,,"Clean and jerk complex, then 21-15-9 thrusters and burpees"
g1116,2025-08-02,2025-08-02 06:00:00,2025-08-02 06:57:00,run_easy,57.0,126,141,10.36,330.12,24,488,71.82,road,172,
g1117,2025-08-03,2025-08-03 06:00:00,2025-08-03 07:44:45,run_long,104.76,137,151,18.39,341.79,165,904,157.87,road,176,Long steady
g1118,2025-08-05,2025-08-05 17:00:00,2025-08-05 18:04:27,CrossFit,64.46,145,167,,,,608,102.81,,,"Power cleans, then chipper: wall balls, DU, HSPU, lunges"
g1119,2025-08-06,2025-08-06 06:00:00,2025-08-06 06:52:07,run_easy,52.12,141,158,9.35,334.46,89,438,73.49,road,174,
g1120,2025-08-08,2025-08-08 06:00:00,2025-08-08 07:00:19,run_quality,60.32,154,176,12.57,287.92,157,638,111.47,road,178,Intervals 6x1km
g1121,2025-08-09,2025-08-09 17:00:00,2025-08-09 17:57:28,CrossFit,57.48,143,162,,,,530,90.42,,,"Clean and jerk complex, then 21-15-9 thrusters and burpees"
g1122,2025-08-09,2025-08-09 06:00:00,2025-08-09 06:49:51,run_easy,49.86,140,151,9.49,315.24,66,446,69.8,trail,168,
g1123,2025-08-10,2025-08-10 06:00:00,2025-08-10 07:58:34,run_long,118.57,141,149,20.86,341.05,93,1031,183.9,trail,175,Sunday long
g1124,2025-08-12,2025-08-12 17:00:00,2025-08-12 17:57:41,CrossFit,57.69,155,179,,,,579,98.36,,,"Power cleans, then chipper: wall balls, DU, HSPU, lunges"
g1125,2025-08-13,2025-08-13 06:00:00,2025-08-13 06:53:12,run_easy,53.2,145,161,9.93,321.45,30,514,77.14,road,175,
g1126,2025-08-14,2025-08-14 17:00:00,2025-08-14 17:52:19,CrossFit,52.32,139,155,,,,465,80.0,,,"Snatch practice, then 3 rounds: 500m row, 15 OH squats, 10 MU"
g1127,2025-08-15,2025-08-15 06:00:00,2025-08-15 06:52:40,run_quality,52.68,152,168,11.13,283.99,182,576,96.09,road,166,Hill repeats 8x400m
g1128,2025-08-16,2025-08-16 17:00:00,2025-08-16 18:03:50,CrossFit,63.84,148,174,,,,609,103.93,,,"Strict press 5x5, then Cindy variant with push-ups and ring rows"
g1129,2025-08-16,2025-08-16 06:00:00,2025-08-16 06:48:58,run_easy,48.97,137,154,9.06,324.3,70,389,67.09,road,167,
g1130,2025-08-17,2025-08-17 06:00:00,2025-08-17 08:03:43,run_long,123.72,136,144,21.36,347.53,188,1011,185.09,road,171,
g1131,2025-08-19,2025-08-19 17:00:00,2025-08-19 17:50:48,CrossFit,50.81,161,186,,,,525,89.98,,,"Front squats 4x6, then EMOM 16min: cal row, DB snatch, box step-overs"
g1132,2025-08-20,2025-08-20 06:00:00,2025-08-20 06:50:12,run_easy,50.21,130,140,9.36,321.86,101,418,65.27,road,168,
g1133,2025-08-21,2025-08-21 17:00:00,2025-08-21 17:52:45,CrossFit,52.76,164,185,,,,542,95.18,,,"Front squats 4x6, then EMOM 16min: cal row, DB snatch, box step-overs"
g1134,2025-08-22,2025-08-22 06:00:00,2025-08-22 06:59:09,run_quality,59.15,158,178,12.36,287.14,193,654,112.15,road,178,Intervals 6x1km
g1135,2025-08-23,2025-08-23 17:00:00,2025-08-23 17:58:24,CrossFit,58.41,152,177,,,,570,97.66,,,"Deadlifts 5x3, then 4 rounds: 400m run, 15 KB swings, 12 T2B"
g1136,2025-08-23,2025-08-23 06:00:00,2025-08-23 07:03:44,run_easy,63.74,137,154,11.06,345.79,151,488,87.32,road,178,
g1137,2025-08-24,2025-08-24 06:00:00,2025-08-24 08:04:01,run_long,124.02,139,149,21.42,347.39,189,1083,189.63,trail,174,Long run
g1138,2025-08-26,2025-08-26 17:00:00,2025-08-26 17:58:40,CrossFit,58.68,136,151,,,,530,87.79,,,"Strict press 5x5, then Cindy variant with push-ups and ring rows"
g1139,2025-08-27,2025-08-27 06:00:00,2025-08-27 06:51:52,run_easy,51.88,132,151,9.56,325.61,191,429,68.48,road,170,
g1140,2025-08-28,2025-08-28 17:00:00,2025-08-28 17:54:36,CrossFit,54.6,164,191,,,,612,98.5,,,"Clean and jerk complex, then 21-15-9 thrusters and burpees"
g1141,2025-08-29,2025-08-29 06:00:00,2025-08-29 07:00:05,run_quality,60.09,151,168,12.66,284.79,40,611,108.88,road,171,Threshold 20min
g1142,2025-08-30,2025-08-30 17:00:00,2025-08-30 17:58:08,CrossFit,58.14,156,176,,,,612,99.77,,,"Snatch practice, then 3 rounds: 500m row, 15 OH squats, 10 MU"
g1143,2025-08-30,2025-08-30 06:00:00,2025-08-30 07:01:22,run_easy,61.37,141,151,10.65,345.75,36,484,86.53,road,178,
g1144,2025-08-31,2025-08-31 06:00:00,2025-08-31 08:16:23,run_long,136.39,136,149,22.83,358.45,140,1155,204.04,road,168,
g1145,2025-09-02,2025-09-02 17:00:00,2025-09-02 17:58:16,CrossFit,58.27,159,188,,,,656,101.91,,,"Power cleans, then chipper: wall balls, DU, HSPU, lunges"
g1146,2025-09-03,2025-09-03 06:00:00,2025-09-03 06:58:10,run_easy,58.17,146,163,10.22,341.51,91,568,84.93,road,176,
g1147,2025-09-04,2025-09-04 17:00:00,2025-09-04 17:54:00,CrossFit,54.01,144,172,,,,545,85.55,,,"Snatch practice, then 3 rounds: 500m row, 15 OH squats, 10 MU"
g1148,2025-09-06,2025-09-06 17:00:00,2025-09-06 17:50:23,CrossFit,50.39,142,168,,,,477,78.71,,,"Power cleans, then chipper: wall balls, DU, HSPU, lunges"
g1149,2025-09-07,2025-09-07 06:00:00,2025-09-07 08:17:52,run_long,137.88,140,154,24.0,344.7,43,1175,212.34,trail,179,Long run
g1150,2025-09-09,2025-09-09 17:00:00,2025-09-09 18:03:33,CrossFit,63.56,147,169,,,,586,102.78,,,"Snatch practice, then 3 rounds: 500m row, 15 OH squats, 10 MU"
g1151,2025-09-10,2025-09-10 06:00:00,2025-09-10 06:51:30,run_easy,51.5,135,152,9.77,316.27,170,413,69.53,trail,169,
g1152,2025-09-11,2025-09-11 17:00:00,2025-09-11 17:50:22,CrossFit,50.38,144,159,,,,451,79.8,,,"Deadlifts 5x3, then 4 rounds: 400m run, 15 KB swings, 12 T2B"
g1153,2025-09-12,2025-09-12 06:00:00,2025-09-12 07:06:04,run_quality,66.07,148,159,14.53,272.83,134,714,117.34,road,167,Fartlek
g1154,2025-09-13,2025-09-13 17:00:00,2025-09-13 17:52:54,CrossFit,52.91,156,183,,,,580,90.79,,,"Snatch practice, then 3 rounds: 500m row, 15 OH squats, 10 MU"
g1155,2025-09-13,2025-09-13 06:00:00,2025-09-13 06:58:28,run_easy,58.48,146,162,10.9,321.91,176,487,85.38,road,178,
g1156,2025-09-14,2025-09-14 06:00:00,2025-09-14 08:04:59,run_long,124.99,135,144,21.71,345.44,172,1069,185.61,trail,168,Long run
g1157,2025-09-16,2025-09-16 17:00:00,2025-09-16 18:01:55,CrossFit,61.93,140,164,,,,595,95.37,,,"Strict press 5x5, then Cindy variant with push-ups and ring rows"
g1158,2025-09-17,2025-09-17 06:00:00,2025-09-17 06:57:30,run_easy,57.51,142,160,10.01,344.72,73,548,81.66,road,174,
g1159,2025-09-18,2025-09-18 17:00:00,2025-09-18 18:02:49,CrossFit,62.82,153,173,,,,594,105.73,,,"Back squats 5x5, then AMRAP 12min: wall balls, box jumps, pull-ups"
g1160,2025-09-19,2025-09-19 06:00:00,2025-09-19 07:06:08,run_quality,66.14,158,168,14.33,276.93,113,753,125.4,road,168,Tempo 4x2km
g1161,2025-09-20,2025-09-20 17:00:00,2025-09-20 17:50:26,CrossFit,50.44,150,175,,,,492,83.23,,,"Deadlifts 5x3, then 4 rounds: 400m run, 15 KB swings, 12 T2B"
g1162,2025-09-20,2025-09-20 06:00:00,2025-09-20 06:59:48,run_easy,59.8,141,154,10.36,346.33,137,518,84.32,road,177,
g1163,2025-09-21,2025-09-21 06:00:00,2025-09-21 08:27:40,run_long,147.68,137,153,24.0,369.2,38,1242,222.55,trail,173,Sunday long
g1164,2025-09-23,2025-09-23 17:00:00,2025-09-23 17:53:05,CrossFit,53.09,153,178,,,,585,89.35,,,"Snatch practice, then 3 rounds: 500m row, 15 OH squats, 10 MU"
g1165,2025-09-24,2025-09-24 06:00:00,2025-09-24 07:02:04,run_easy,62.07,135,149,10.91,341.36,83,558,83.79,road,177,
g1166,2025-09-25,2025-09-25 17:00:00,2025-09-25 18:03:20,CrossFit,63.34,140,169,,,,596,97.54,,,"Front squats 4x6, then EMOM 16min: cal row, DB snatch, box step-overs"
g1167,2025-09-26,2025-09-26 06:00:00,2025-09-26 07:08:31,run_quality,68.52,159,169,14.02,293.24,165,746,130.74,road,167,Intervals 6x1km
g1168,2025-09-27,2025-09-27 17:00:00,2025-09-27 17:55:34,CrossFit,55.57,146,163,,,,508,89.25,,,"Power cleans, then chipper: wall balls, DU, HSPU, lunges"
g1169,2025-09-27,2025-09-27 06:00:00,2025-09-27 06:52:10,run_easy,52.17,137,154,10.02,312.4,121,445,71.47,road,174,
g1170,2025-09-28,2025-09-28 06:00:00,2025-09-28 08:04:37,run_long,124.62,141,155,21.61,346.01,142,1059,193.29,trail,177,Long run
g1171,2025-09-30,2025-09-30 17:00:00,2025-09-30 17:50:44,CrossFit,50.74,145,164,,,,467,80.93,,,"Clean and jerk complex, then 21-15-9 thrusters and burpees"
g1172,2025-10-01,2025-10-01 06:00:00,2025-10-01 06:54:30,run_easy,54.51,140,155,10.04,325.76,23,509,76.31,trail,173,
g1173,2025-10-03,2025-10-03 06:00:00,2025-10-03 07:00:12,run_quality,60.2,161,178,11.85,304.81,136,638,116.31,road,166,Threshold 20min
g1174,2025-10-04,2025-10-04 17:00:00,2025-10-04 17:54:07,CrossFit,54.12,150,176,,,,504,89.3,,,"Snatch practice, then 3 rounds: 500m row, 15 OH squats, 10 MU"
g1175,2025-10-04,2025-10-04 06:00:00,2025-10-04 07:00:17,run_easy,60.29,144,163,10.97,329.75,172,580,86.82,trail,166,
g1176,2025-10-05,2025-10-05 06:00:00,2025-10-05 08:13:11,run_long,133.19,138,146,23.71,337.05,38,1093,202.18,road,175,Long run
g1177,2025-10-07,2025-10-07 17:00:00,2025-10-07 17:52:33,CrossFit,52.55,154,174,,,,588,89.02,,,"Back squats 5x5, then AMRAP 12min: wall balls, box jumps, pull-ups"
g1178,2025-10-08,2025-10-08 06:00:00,2025-10-08 06:56:08,run_easy,56.14,150,161,9.9,340.24,33,503,84.21,trail,174,
g1179,2025-10-09,2025-10-09 17:00:00,2025-10-09 17:54:03,CrossFit,54.05,150,171,,,,527,89.18,,,"Deadlifts 5x3, then 4 rounds: 400m run, 15 KB swings, 12 T2B"
g1180,2025-10-10,2025-10-10 06:00:00,2025-10-10 07:06:25,run_quality,66.43,157,180,13.26,300.59,140,727,125.15,road,168,Fartlek
g1181,2025-10-11,2025-10-11 17:00:00,2025-10-11 17:54:12,CrossFit,54.21,149,165,,,,565,88.85,,,"Front squats 4x6, then EMOM 16min: cal row, DB snatch, box step-overs"
g1182,2025-10-11,2025-10-11 06:00:00,2025-10-11 06:57:31,run_easy,57.53,134,146,10.09,342.1,152,456,77.09,road,166,
g1183,2025-10-12,2025-10-12 06:00:00,2025-10-12 08:02:18,run_long,122.31,139,148,21.81,336.48,57,1044,187.01,trail,172,Long run
g1184,2025-10-14,2025-10-14 17:00:00,2025-10-14 18:01:24,CrossFit,61.41,162,181,,,,662,109.43,,,"Bench press 5x5, then 5 rounds: 10 DB thrusters, 15 cal bike, 20 sit-ups"
g1185,2025-10-15,2025-10-15 06:00:00,2025-10-15 06:50:33,run_easy,50.56,144,158,9.58,316.66,112,492,72.81,road,167,
g1186,2025-10-16,2025-10-16 17:00:00,2025-10-16 17:52:27,CrossFit,52.46,144,163,,,,480,83.1,,,"Clean and jerk complex, then 21-15-9 thrusters and burpees"
g1187,2025-10-17,2025-10-17 06:00:00,2025-10-17 07:03:54,run_quality,63.91,157,167,13.76,278.68,101,678,120.41,road,178,Hill repeats 8x400m
g1188,2025-10-18,2025-10-18 17:00:00,2025-10-18 17:52:15,CrossFit,52.26,144,166,,,,469,82.78,,,"Power cleans, then chipper: wall balls, DU, HSPU, lunges"
g1189,2025-10-18,2025-10-18 06:00:00,2025-10-18 06:52:13,run_easy,52.22,135,149,9.93,315.53,54,420,70.5,trail,169,
g1190,2025-10-19,2025-10-19 06:00:00,2025-10-19 08:14:26,run_long,134.44,132,140,23.73,339.92,59,1031,195.21,road,165,Long steady
g1191,2025-10-21,2025-10-21 17:00:00,2025-10-21 17:50:59,CrossFit,50.99,152,176,,,,515,85.26,,,"Snatch practice, then 3 rounds: 500m row, 15 OH squats, 10 MU"
g1192,2025-10-22,2025-10-22 06:00:00,2025-10-22 07:02:22,run_easy,62.37,142,154,10.89,343.64,50,513,88.57,road,174,
g1193,2025-10-23,2025-10-23 17:00:00,2025-10-23 17:54:19,CrossFit,54.32,153,181,,,,581,91.42,,,"Bench press 5x5, then 5 rounds: 10 DB thrusters, 15 cal bike, 20 sit-ups"
g1194,2025-10-24,2025-10-24 06:00:00,2025-10-24 07:02:32,run_quality,62.54,155,175,13.59,276.11,53,721,116.32,road,167,Intervals 6x1km
g1195,2025-10-25,2025-10-25 06:00:00,2025-10-25 06:53:19,run_easy,53.33,139,155,10.05,318.39,126,517,74.13,road,173,
g1196,2025-10-26,2025-10-26 06:00:00,2025-10-26 08:09:41,run_long,129.69,139,155,22.89,339.95,114,1058,198.3,road,167,Sunday long
g1197,2025-10-28,2025-10-28 17:00:00,2025-10-28 17:54:34,CrossFit,54.57,147,173,,,,557,88.24,,,"Front squats 4x6, then EMOM 16min: cal row, DB snatch, box step-overs"
g1198,2025-10-29,2025-10-29 06:00:00,2025-10-29 06:58:43,run_easy,58.73,134,147,10.31,341.78,180,520,78.7,trail,177,
g1199,2025-10-30,2025-10-30 17:00:00,2025-10-30 17:58:56,CrossFit,58.94,157,182,,,,573,101.79,,,"Back squats 5x5, then AMRAP 12min: wall balls, box jumps, pull-ups"
g1200,2025-10-31,2025-10-31 06:00:00,2025-10-31 07:01:49,run_quality,61.82,159,174,12.13,305.79,63,713,117.95,road,179,Tempo 4x2km
g1201,2025-11-01,2025-11-01 17:00:00,2025-11-01 17:52:54,CrossFit,52.91,158,187,,,,608,91.96,,,"Bench press 5x5, then 5 rounds: 10 DB thrusters, 15 cal bike, 20 sit-ups"
g1202,2025-11-01,2025-11-01 06:00:00,2025-11-01 06:59:18,run_easy,59.31,138,157,11.18,318.3,179,498,81.85,trail,171,
g1203,2025-11-02,2025-11-02 06:00:00,2025-11-02 08:11:10,run_long,131.17,134,148,23.32,337.49,121,1095,193.34,trail,170,
g1204,2025-11-04,2025-11-04 17:00:00,2025-11-04 17:50:07,CrossFit,50.13,147,175,,,,501,81.06,,,"Deadlifts 5x3, then 4 rounds: 400m run, 15 KB swings, 12 T2B"
g1205,2025-11-05,2025-11-05 06:00:00,2025-11-05 07:03:22,run_easy,63.38,137,149,11.37,334.46,22,488,86.83,trail,169,
g1206,2025-11-06,2025-11-06 17:00:00,2025-11-06 17:50:48,CrossFit,50.8,142,161,,,,481,79.35,,,"Snatch practice, then 3 rounds: 500m row, 15 OH squats, 10 MU"
g1207,2025-11-07,2025-11-07 06:00:00,2025-11-07 06:53:09,run_quality,53.16,161,178,11.6,274.97,47,572,102.71,road,169,Hill repeats 8x400m
g1208,2025-11-08,2025-11-08 17:00:00,2025-11-08 17:58:46,CrossFit,58.78,138,154,,,,499,89.23,,,"Strict press 5x5, then Cindy variant with push-ups and ring rows"
g1209,2025-11-08,2025-11-08 06:00:00,2025-11-08 07:00:27,run_easy,60.45,137,150,11.3,320.97,180,556,82.82,road,173,
g1210,2025-11-09,2025-11-09 06:00:00,2025-11-09 08:25:47,run_long,145.79,134,150,23.8,367.54,65,1166,214.89,road,167,Long steady
g1211,2025-11-11,2025-11-11 17:00:00,2025-11-11 17:54:27,CrossFit,54.46,155,172,,,,523,92.85,,,"Snatch practice, then 3 rounds: 500m row, 15 OH squats, 10 MU"
g1212,2025-11-12,2025-11-12 06:00:00,2025-11-12 06:59:25,run_easy,59.42,137,153,10.8,330.11,104,499,81.41,trail,171,
g1213,2025-11-13,2025-11-13 17:00:00,2025-11-13 17:50:25,CrossFit,50.42,129,150,,,,469,71.55,,,"Deadlifts 5x3, then 4 rounds: 400m run, 15 KB swings, 12 T2B"
g1214,2025-11-14,2025-11-14 06:00:00,2025-11-14 06:58:39,run_quality,58.65,150,161,12.2,288.44,181,665,105.57,road,165,Hill repeats 8x400m
g1215,2025-11-15,2025-11-15 17:00:00,2025-11-15 18:00:03,CrossFit,60.05,134,156,,,,501,88.51,,,"Back squats 5x5, then AMRAP 12min: wall balls, box jumps, pull-ups"
g1216,2025-11-15,2025-11-15 06:00:00,2025-11-15 06:57:27,run_easy,57.45,141,152,9.92,347.48,37,484,81.0,road,172,
g1217,2025-11-16,2025-11-16 06:00:00,2025-11-16 08:15:09,run_long,135.15,135,143,22.36,362.66,121,1150,200.7,road,167,Long steady
g1218,2025-11-18,2025-11-18 17:00:00,2025-11-18 17:59:36,CrossFit,59.6,136,153,,,,567,89.16,,,"Front squats 4x6, then EMOM 16min: cal row, DB snatch, box step-overs"
g1219,2025-11-19,2025-11-19 06:00:00,2025-11-19 07:01:32,run_easy,61.54,140,151,11.04,334.46,113,505,86.16,road,166,
g1220,2025-11-21,2025-11-21 06:00:00,2025-11-21 07:04:00,run_quality,64.0,156,170,12.66,303.32,196,731,119.81,road,177,Fartlek
g1221,2025-11-22,2025-11-22 17:00:00,2025-11-22 18:00:13,CrossFit,60.22,155,176,,,,581,102.68,,,"Back squats 5x5, then AMRAP 12min: wall balls, box jumps, pull-ups"
g1222,2025-11-22,2025-11-22 06:00:00,2025-11-22 07:01:52,run_easy,61.87,134,145,11.06,335.64,145,484,82.91,road,172,
g1223,2025-11-23,2025-11-23 06:00:00,2025-11-23 08:14:00,run_long,134.01,135,146,22.51,357.2,95,1087,199.0,trail,165,Long run
g1224,2025-11-25,2025-11-25 17:00:00,2025-11-25 17:58:27,CrossFit,58.46,152,167,,,,542,97.75,,,"Front squats 4x6, then EMOM 16min: cal row, DB snatch, box step-overs"
g1225,2025-11-26,2025-11-26 06:00:00,2025-11-26 06:58:39,run_easy,58.66,143,154,10.73,328.01,102,470,83.88,road,167,
g1226,2025-11-27,2025-11-27 17:00:00,2025-11-27 18:02:55,CrossFit,62.92,143,161,,,,596,98.97,,,"Snatch practice, then 3 rounds: 500m row, 15 OH squats, 10 MU"
g1227,2025-11-28,2025-11-28 06:00:00,2025-11-28 06:58:16,run_quality,58.28,149,171,11.91,293.6,70,647,104.2,road,169,Intervals 6x1km
g1228,2025-11-29,2025-11-29 17:00:00,2025-11-29 17:59:40,CrossFit,59.68,144,164,,,,583,94.53,,,"Bench press 5x5, then 5 rounds: 10 DB thrusters, 15 cal bike, 20 sit-ups"
g1229,2025-11-29,2025-11-29 06:00:00,2025-11-29 06:54:47,run_easy,54.79,132,144,9.74,337.52,78,507,72.32,road,170,
g1230,2025-11-30,2025-11-30 06:00:00,2025-11-30 08:13:15,run_long,133.25,137,153,23.68,337.63,37,1064,200.81,road,179,Long steady
g1231,2025-12-02,2025-12-02 17:00:00,2025-12-02 18:01:24,CrossFit,61.4,162,187,,,,607,109.41,,,"Strict press 5x5, then Cindy variant with push-ups and ring rows"
g1232,2025-12-03,2025-12-03 06:00:00,2025-12-03 06:59:01,run_easy,59.03,138,157,10.87,325.83,31,482,81.46,road,165,
g1233,2025-12-04,2025-12-04 17:00:00,2025-12-04 17:56:37,CrossFit,56.62,140,155,,,,518,87.19,,,"Deadlifts 5x3, then 4 rounds: 400m run, 15 KB swings, 12 T2B"
g1234,2025-12-05,2025-12-05 06:00:00,2025-12-05 07:04:16,run_quality,64.28,160,178,12.62,305.61,55,716,123.42,road,175,Intervals 6x1km
g1235,2025-12-06,2025-12-06 17:00:00,2025-12-06 17:56:30,CrossFit,56.51,134,150,,,,529,83.3,,,"Back squats 5x5, then AMRAP 12min: wall balls, box jumps, pull-ups"
g1236,2025-12-06,2025-12-06 06:00:00,2025-12-06 06:57:12,run_easy,57.21,138,156,10.75,319.31,84,485,78.95,road,173,
g1237,2025-12-09,2025-12-09 17:00:00,2025-12-09 18:00:57,CrossFit,60.95,157,179,,,,633,105.26,,,"Strict press 5x5, then Cindy variant with push-ups and ring rows"
g1238,2025-12-10,2025-12-10 06:00:00,2025-12-10 06:51:55,run_easy,51.92,136,151,9.32,334.25,164,446,70.61,road,174,
g1239,2025-12-11,2025-12-11 17:00:00,2025-12-11 17:58:32,CrossFit,58.54,154,170,,,,568,99.17,,,"Bench press 5x5, then 5 rounds: 10 DB thrusters, 15 cal bike, 20 sit-ups"
g1240,2025-12-12,2025-12-12 06:00:00,2025-12-12 06:53:20,run_quality,53.34,159,183,11.51,278.05,90,594,101.77,road,178,Threshold 20min
g1241,2025-12-13,2025-12-13 17:00:00,2025-12-13 17:58:01,CrossFit,58.02,148,172,,,,562,94.46,,,"Front squats 4x6, then EMOM 16min: cal row, DB snatch, box step-overs"
g1242,2025-12-13,2025-12-13 06:00:00,2025-12-13 06:49:09,run_easy,49.16,146,157,8.75,337.1,188,507,71.77,trail,174,
g1243,2025-12-16,2025-12-16 17:00:00,2025-12-16 17:53:00,CrossFit,53.01,150,168,,,,579,87.47,,,"Power cleans, then chipper: wall balls, DU, HSPU, lunges"
g1244,2025-12-17,2025-12-17 06:00:00,2025-12-17 06:55:10,run_easy,55.18,138,148,10.33,320.5,182,501,76.15,road,176,
g1245,2025-12-19,2025-12-19 06:00:00,2025-12-19 07:04:37,run_quality,64.62,153,171,13.3,291.52,68,647,118.64,road,165,Intervals 6x1km
g1246,2025-12-20,2025-12-20 17:00:00,2025-12-20 17:56:28,CrossFit,56.47,145,164,,,,502,90.07,,,"Strict press 5x5, then Cindy variant with push-ups and ring rows"
g1247,2025-12-20,2025-12-20 06:00:00,2025-12-20 06:49:33,run_easy,49.56,142,160,8.75,339.84,143,403,70.38,road,172,
g1248,2025-12-21,2025-12-21 06:00:00,2025-12-21 08:03:29,run_long,123.49,133,148,21.76,340.51,98,1043,180.67,road,179,Long steady
g1249,2025-12-23,2025-12-23 17:00:00,2025-12-23 17:52:54,CrossFit,52.9,145,163,,,,494,84.38,,,"Back squats 5x5, then AMRAP 12min: wall balls, box jumps, pull-ups"
g1250,2025-12-24,2025-12-24 06:00:00,2025-12-24 06:58:45,run_easy,58.75,140,155,10.35,340.58,177,486,82.25,road,165,
g1251,2025-12-26,2025-12-26 06:00:00,2025-12-26 06:53:18,run_quality,53.31,146,170,11.37,281.32,129,564,93.4,road,166,Intervals 6x1km
g1252,2025-12-27,2025-12-27 06:00:00,2025-12-27 06:53:12,run_easy,53.21,133,150,9.68,329.81,181,489,70.77,trail,171,
g1253,2025-12-28,2025-12-28 06:00:00,2025-12-28 08:08:52,run_long,128.88,140,156,21.73,355.86,29,1132,198.48,road,175,Sunday long
g1254,2025-12-30,2025-12-30 17:00:00,2025-12-30 17:54:12,CrossFit,54.2,143,161,,,,560,85.26,,,"Deadlifts 5x3, then 4 rounds: 400m run, 15 KB swings, 12 T2B"
g1255,2025-12-31,2025-12-31 06:00:00,2025-12-31 06:51:03,run_easy,51.06,145,162,9.23,331.92,196,490,74.04,road,174,
g1256,2026-01-01,2026-01-01 17:00:00,2026-01-01 17:51:42,CrossFit,51.71,156,178,,,,520,88.73,,,"Back squats 5x5, then AMRAP 12min: wall balls, box jumps, pull-ups"
g1257,2026-01-02,2026-01-02 06:00:00,2026-01-02 06:58:03,run_quality,58.05,164,179,11.43,304.72,175,659,114.24,road,165,Tempo 4x2km
g1258,2026-01-03,2026-01-03 17:00:00,2026-01-03 17:56:28,CrossFit,56.47,153,168,,,,528,95.04,,,"Front squats 4x6, then EMOM 16min: cal row, DB snatch, box step-overs"
g1259,2026-01-03,2026-01-03 06:00:00,2026-01-03 06:58:12,run_easy,58.2,147,160,10.1,345.74,165,536,85.55,trail,176,
g1260,2026-01-04,2026-01-04 06:00:00,2026-01-04 08:16:57,run_long,136.96,134,146,23.37,351.63,119,1154,201.88,road,178,Long run
g1261,2026-01-06,2026-01-06 17:00:00,2026-01-06 18:04:51,CrossFit,64.86,139,164,,,,562,99.17,,,"Front squats 4x6, then EMOM 16min: cal row, DB snatch, box step-overs"
g1262,2026-01-07,2026-01-07 06:00:00,2026-01-07 06:57:57,run_easy,57.95,138,149,10.07,345.28,70,518,79.97,road,169,
g1263,2026-01-08,2026-01-08 17:00:00,2026-01-08 18:01:34,CrossFit,61.57,145,160,,,,577,98.2,,,"Front squats 4x6, then EMOM 16min: cal row, DB snatch, box step-overs"
g1264,2026-01-09,2026-01-09 06:00:00,2026-01-09 07:03:52,run_quality,63.87,161,180,12.81,299.16,75,733,123.4,road,177,Tempo 4x2km
g1265,2026-01-10,2026-01-10 17:00:00,2026-01-10 17:50:15,CrossFit,50.26,150,170,,,,505,82.93,,,"Strict press 5x5, then Cindy variant with push-ups and ring rows"
g1266,2026-01-10,2026-01-10 06:00:00,2026-01-10 06:51:10,run_easy,51.17,140,158,9.75,314.89,76,414,71.64,road,167,
g1267,2026-01-11,2026-01-11 06:00:00,2026-01-11 08:11:00,run_long,131.0,141,150,21.4,367.29,40,1069,203.18,road,175,Long run
g1268,2026-01-13,2026-01-13 17:00:00,2026-01-13 17:58:42,CrossFit,58.7,156,171,,,,559,100.73,,,"Strict press 5x5, then Cindy variant with push-ups and ring rows"
g1269,2026-01-14,2026-01-14 06:00:00,2026-01-14 06:48:56,run_easy,48.94,135,148,9.14,321.27,28,403,66.07,road,166,
g1270,2026-01-15,2026-01-15 17:00:00,2026-01-15 17:51:42,CrossFit,51.7,133,149,,,,460,75.64,,,"Strict press 5x5, then Cindy variant with push-ups and ring rows"
g1271,2026-01-16,2026-01-16 06:00:00,2026-01-16 07:01:24,run_quality,61.41,148,160,12.93,284.97,129,631,109.06,road,179,Threshold 20min
g1272,2026-01-17,2026-01-17 17:00:00,2026-01-17 18:04:08,CrossFit,64.14,135,154,,,,542,95.25,,,"Back squats 5x5, then AMRAP 12min: wall balls, box jumps, pull-ups"
g1273,2026-01-17,2026-01-17 06:00:00,2026-01-17 06:50:16,run_easy,50.27,140,156,8.73,345.5,111,479,70.38,trail,172,
g1274,2026-01-18,2026-01-18 06:00:00,2026-01-18 08:04:01,run_long,124.03,137,153,21.65,343.73,88,1084,186.91,road,166,Long run
g1275,2026-01-21,2026-01-21 06:00:00,2026-01-21 06:49:54,run_easy,49.9,134,148,9.07,330.1,41,472,66.87,road,176,
g1276,2026-01-22,2026-01-22 17:00:00,2026-01-22 17:59:53,CrossFit,59.89,143,165,,,,547,94.21,,,"Power cleans, then chipper: wall balls, DU, HSPU, lunges"
g1277,2026-01-23,2026-01-23 06:00:00,2026-01-23 06:52:58,run_quality,52.97,155,170,11.4,278.79,76,639,98.52,road,175,Fartlek
g1278,2026-01-24,2026-01-24 17:00:00,2026-01-24 17:56:09,CrossFit,56.15,161,177,,,,638,99.44,,,"Clean and jerk complex, then 21-15-9 thrusters and burpees"
g1279,2026-01-24,2026-01-24 06:00:00,2026-01-24 06:55:01,run_easy,55.02,135,150,9.89,333.79,186,445,74.28,road,178,
g1280,2026-01-25,2026-01-25 06:00:00,2026-01-25 08:15:54,run_long,135.9,139,154,22.79,357.79,41,1129,207.79,trail,172,Sunday long
g1281,2026-01-27,2026-01-27 17:00:00,2026-01-27 17:57:24,CrossFit,57.41,151,168,,,,528,95.36,,,"Bench press 5x5, then 5 rounds: 10 DB thrusters, 15 cal bike, 20 sit-ups"
g1282,2026-01-28,2026-01-28 06:00:00,2026-01-28 06:50:37,run_easy,50.62,137,156,9.15,331.93,38,483,69.35,road,177,
g1283,2026-01-30,2026-01-30 06:00:00,2026-01-30 06:51:47,run_quality,51.79,150,166,10.77,288.52,92,571,93.22,road,175,Intervals 6x1km
g1284,2026-01-31,2026-01-31 17:00:00,2026-01-31 18:03:28,CrossFit,63.48,146,169,,,,659,101.95,,,"Clean and jerk complex, then 21-15-9 thrusters and burpees"
g1285,2026-01-31,2026-01-31 06:00:00,2026-01-31 06:49:16,run_easy,49.27,136,150,8.73,338.63,153,428,67.01,trail,176,
g1286,2026-02-01,2026-02-01 06:00:00,2026-02-01 08:18:58,run_long,138.97,141,154,23.03,362.06,181,1187,215.54,road,170,Long run
g1287,2026-02-03,2026-02-03 17:00:00,2026-02-03 17:55:41,CrossFit,55.69,139,162,,,,498,85.15,,,"Clean and jerk complex, then 21-15-9 thrusters and burpees"
g1288,2026-02-04,2026-02-04 06:00:00,2026-02-04 06:48:06,run_easy,48.11,142,157,8.73,330.65,171,434,68.32,road,169,
g1289,2026-02-05,2026-02-05 17:00:00,2026-02-05 17:52:40,CrossFit,52.68,157,183,,,,547,90.98,,,"Strict press 5x5, then Cindy variant with push-ups and ring rows"
g1290,2026-02-06,2026-02-06 06:00:00,2026-02-06 07:01:22,run_quality,61.37,162,177,13.09,281.3,41,673,119.3,road,171,Intervals 6x1km
g1291,2026-02-07,2026-02-07 17:00:00,2026-02-07 18:03:46,CrossFit,63.77,161,189,,,,628,112.94,,,"Front squats 4x6, then EMOM 16min: cal row, DB snatch, box step-overs"
g1292,2026-02-07,2026-02-07 06:00:00,2026-02-07 06:51:33,run_easy,51.56,139,156,9.04,342.21,127,412,71.67,road,178,
g1293,2026-02-08,2026-02-08 06:00:00,2026-02-08 08:04:27,run_long,124.46,139,149,21.12,353.58,113,1084,190.3,trail,169,
g1294,2026-02-10,2026-02-10 17:00:00,2026-02-10 18:00:35,CrossFit,60.59,141,168,,,,608,93.98,,,"Bench press 5x5, then 5 rounds: 10 DB thrusters, 15 cal bike, 20 sit-ups"
g1295,2026-02-11,2026-02-11 06:00:00,2026-02-11 06:46:32,run_easy,46.54,138,157,8.81,316.96,153,393,64.23,road,166,
g1296,2026-02-12,2026-02-12 17:00:00,2026-02-12 17:55:01,CrossFit,55.03,159,180,,,,601,96.25,,,"Clean and jerk complex, then 21-15-9 thrusters and burpees"
g1297,2026-02-13,2026-02-13 06:00:00,2026-02-13 07:02:55,run_quality,62.93,163,177,13.22,285.61,139,753,123.09,road,165,Hill repeats 8x400m
g1298,2026-02-14,2026-02-14 17:00:00,2026-02-14 17:52:03,CrossFit,52.05,142,162,,,,523,81.3,,,"Strict press 5x5, then Cindy variant with push-ups and ring rows"
g1299,2026-02-15,2026-02-15 06:00:00,2026-02-15 08:07:36,run_long,127.61,137,146,20.96,365.3,20,1018,192.31,road,173,Long run
g1300,2026-02-17,2026-02-17 17:00:00,2026-02-17 17:52:40,CrossFit,52.67,141,162,,,,519,81.69,,,"Front squats 4x6, then EMOM 16min: cal row, DB snatch, box step-overs"
g1301,2026-02-18,2026-02-18 06:00:00,2026-02-18 06:49:10,run_easy,49.17,127,145,9.09,324.55,177,429,62.45,road,172,
g1302,2026-02-19,2026-02-19 17:00:00,2026-02-19 17:58:58,CrossFit,58.97,144,167,,,,526,93.41,,,"Front squats 4x6, then EMOM 16min: cal row, DB snatch, box step-overs"
g1303,2026-02-20,2026-02-20 06:00:00,2026-02-20 07:04:52,run_quality,64.88,151,165,13.1,297.16,40,684,117.56,road,169,Fartlek
g1304,2026-02-21,2026-02-21 17:00:00,2026-02-21 18:00:34,CrossFit,60.57,168,194,,,,693,111.93,,,"Bench press 5x5, then 5 rounds: 10 DB thrusters, 15 cal bike, 20 sit-ups"
g1305,2026-02-21,2026-02-21 06:00:00,2026-02-21 06:57:16,run_easy,57.27,139,151,10.3,333.61,180,526,79.61,road,165,
g1306,2026-02-22,2026-02-22 06:00:00,2026-02-22 08:03:37,run_long,123.63,137,148,21.35,347.44,91,1072,186.31,trail,169,
g1307,2026-02-24,2026-02-24 17:00:00,2026-02-24 17:55:06,CrossFit,55.1,150,171,,,,558,90.91,,,"Deadlifts 5x3, then 4 rounds: 400m run, 15 KB swings, 12 T2B"
g1308,2026-02-25,2026-02-25 06:00:00,2026-02-25 06:51:09,run_easy,51.16,136,152,8.85,346.85,128,399,69.58,road,175,
g1309,2026-02-26,2026-02-26 17:00:00,2026-02-26 17:51:21,CrossFit,51.35,143,169,,,,519,80.77,,,"Clean and jerk complex, then 21-15-9 thrusters and burpees"
g1310,2026-02-27,2026-02-27 06:00:00,2026-02-27 06:53:34,run_quality,53.58,144,156,11.6,277.14,91,584,92.59,road,169,Hill repeats 8x400m
g1311,2026-02-28,2026-02-28 17:00:00,2026-02-28 17:56:12,CrossFit,56.2,142,157,,,,564,87.78,,,"Back squats 5x5, then AMRAP 12min: wall balls, box jumps, pull-ups"
g1312,2026-02-28,2026-02-28 06:00:00,2026-02-28 06:53:04,run_easy,53.08,138,155,9.65,330.03,48,446,73.25,road,168,
g1313,2026-03-01,2026-03-01 06:00:00,2026-03-01 08:02:45,run_long,122.76,142,156,21.3,345.8,175,1016,191.75,trail,172,Long steady
g1314,2026-03-03,2026-03-03 17:00:00,2026-03-03 18:00:59,CrossFit,60.99,157,172,,,,586,105.33,,,"Deadlifts 5x3, then 4 rounds: 400m run, 15 KB swings, 12 T2B"
g1315,2026-03-04,2026-03-04 06:00:00,2026-03-04 06:53:30,run_easy,53.51,145,159,9.39,341.92,24,465,77.59,road,168,
g1316,2026-03-05,2026-03-05 17:00:00,2026-03-05 17:59:50,CrossFit,59.84,137,159,,,,543,90.18,,,"Front squats 4x6, then EMOM 16min: cal row, DB snatch, box step-overs"
g1317,2026-03-06,2026-03-06 06:00:00,2026-03-06 06:54:45,run_quality,54.75,153,170,11.73,280.05,23,602,100.52,road,170,Fartlek
g1318,2026-03-07,2026-03-07 17:00:00,2026-03-07 17:51:37,CrossFit,51.62,160,178,,,,543,90.85,,,"Back squats 5x5, then AMRAP 12min: wall balls, box jumps, pull-ups"
g1319,2026-03-07,2026-03-07 06:00:00,2026-03-07 06:49:17,run_easy,49.29,133,146,9.09,325.35,195,387,65.56,road,167,
g1320,2026-03-08,2026-03-08 06:00:00,2026-03-08 08:07:25,run_long,127.42,135,144,22.16,345.0,30,1045,189.22,road,171,
g1321,2026-03-10,2026-03-10 17:00:00,2026-03-10 18:02:30,CrossFit,62.51,159,182,,,,623,109.33,,,"Back squats 5x5, then AMRAP 12min: wall balls, box jumps, pull-ups"
g1322,2026-03-11,2026-03-11 06:00:00,2026-03-11 06:53:23,run_easy,53.39,141,155,9.72,329.57,62,472,75.28,road,172,
g1323,2026-03-12,2026-03-12 17:00:00,2026-03-12 18:01:06,CrossFit,61.1,146,167,,,,578,98.13,,,"Clean and jerk complex, then 21-15-9 thrusters and burpees"
g1324,2026-03-13,2026-03-13 06:00:00,2026-03-13 06:54:35,run_quality,54.59,143,155,11.03,296.95,176,529,93.68,road,178,Fartlek
g1325,2026-03-14,2026-03-14 17:00:00,2026-03-14 17:57:52,CrossFit,57.87,158,179,,,,582,100.58,,,"Back squats 5x5, then AMRAP 12min: wall balls, box jumps, pull-ups"
g1326,2026-03-14,2026-03-14 06:00:00,2026-03-14 06:50:58,run_easy,50.97,147,166,9.48,322.59,68,456,74.93,road,178,
g1327,2026-03-15,2026-03-15 06:00:00,2026-03-15 08:01:18,run_long,121.31,135,152,21.01,346.44,104,971,180.15,trail,169,Sunday long
g1328,2026-03-17,2026-03-17 17:00:00,2026-03-17 18:04:56,CrossFit,64.94,134,162,,,,581,95.72,,,"Deadlifts 5x3, then 4 rounds: 400m run, 15 KB swings, 12 T2B"
g1329,2026-03-18,2026-03-18 06:00:00,2026-03-18 06:47:12,run_easy,47.2,141,160,8.66,327.02,146,402,66.55,trail,166,
g1330,2026-03-19,2026-03-19 17:00:00,2026-03-19 17:51:25,CrossFit,51.42,150,174,,,,480,84.84,,,"Deadlifts 5x3, then 4 rounds: 400m run, 15 KB swings, 12 T2B"
g1331,2026-03-20,2026-03-20 06:00:00,2026-03-20 07:01:39,run_quality,61.66,158,172,13.1,282.41,125,665,116.91,road,174,Fartlek
g1332,2026-03-21,2026-03-21 17:00:00,2026-03-21 17:58:07,CrossFit,58.12,148,172,,,,582,94.62,,,"Clean and jerk complex, then 21-15-9 thrusters and burpees"
g1333,2026-03-21,2026-03-21 06:00:00,2026-03-21 06:47:07,run_easy,47.12,142,153,8.84,319.82,125,461,66.91,road,169,
g1334,2026-03-22,2026-03-22 06:00:00,2026-03-22 08:09:55,run_long,129.92,142,158,22.53,345.99,50,1143,202.94,road,179,
g1335,2026-03-24,2026-03-24 17:00:00,2026-03-24 18:02:03,CrossFit,62.05,150,178,,,,569,102.38,,,"Power cleans, then chipper: wall balls, DU, HSPU, lunges"
g1336,2026-03-25,2026-03-25 06:00:00,2026-03-25 06:50:35,run_easy,50.59,142,156,8.9,341.06,78,459,71.84,trail,166,
g1337,2026-03-26,2026-03-26 17:00:00,2026-03-26 17:55:39,CrossFit,55.66,141,160,,,,534,86.33,,,"Power cleans, then chipper: wall balls, DU, HSPU, lunges"
g1338,2026-03-27,2026-03-27 06:00:00,2026-03-27 07:05:54,run_quality,65.9,158,182,12.99,304.39,148,758,124.95,road,173,Threshold 20min
g1339,2026-03-28,2026-03-28 17:00:00,2026-03-28 18:00:16,CrossFit,60.28,140,160,,,,600,92.83,,,"Back squats 5x5, then AMRAP 12min: wall balls, box jumps, pull-ups"
g1340,2026-03-28,2026-03-28 06:00:00,2026-03-28 06:58:12,run_easy,58.21,138,151,10.28,339.75,58,507,80.33,trail,179,
g1341,2026-03-29,2026-03-29 06:00:00,2026-03-29 08:04:18,run_long,124.31,137,149,21.78,342.45,125,1019,187.34,road,178,Long steady
g1342,2026-03-31,2026-03-31 17:00:00,2026-03-31 17:57:32,CrossFit,57.54,146,161,,,,515,92.41,,,"Front squats 4x6, then EMOM 16min: cal row, DB snatch, box step-overs"
g1343,2026-04-01,2026-04-01 06:00:00,2026-04-01 06:49:57,run_easy,49.96,138,154,9.56,313.56,168,481,68.94,road,178,
g1344,2026-04-02,2026-04-02 17:00:00,2026-04-02 17:59:28,CrossFit,59.48,142,164,,,,589,92.91,,,"Bench press 5x5, then 5 rounds: 10 DB thrusters, 15 cal bike, 20 sit-ups"
g1345,2026-04-03,2026-04-03 06:00:00,2026-04-03 06:55:20,run_quality,55.34,150,170,12.13,273.73,176,561,99.61,road,171,Intervals 6x1km
g1346,2026-04-04,2026-04-04 17:00:00,2026-04-04 17:59:33,CrossFit,59.56,156,171,,,,646,102.2,,,"Clean and jerk complex, then 21-15-9 thrusters and burpees"
g1347,2026-04-05,2026-04-05 06:00:00,2026-04-05 08:20:32,run_long,140.54,137,151,23.45,359.59,183,1167,211.79,road,179,Sunday long
